,index,name_model,auc_mean,lower_auc_mean,upper_auc_mean,time,recall,f1_score,precision,accuracy,n_splits,n_iter,time,columns,model
0,47,GradientBoostingClassifier,0.8594731937602625,0.7640083267907819,0.9549380607297432,89.08451175689697s,0.6341463414634146,0.7027027027027027,0.7878787878787878,0.75,5,10,89.08451175689697s,15,"GradientBoostingClassifier(ccp_alpha=0.0, criterion='friedman_mse', init=None,
                           learning_rate=0.1, loss='exponential', max_depth=5,
                           max_features='sqrt', max_leaf_nodes=None,
                           min_impurity_decrease=0.0, min_impurity_split=None,
                           min_samples_leaf=24, min_samples_split=19,
                           min_weight_fraction_leaf=0.0, n_estimators=100,
                           n_iter_no_change=None, presort='deprecated',
                           random_state=None, subsample=1.0, tol=0.0001,
                           validation_fraction=0.1, verbose=0,
                           warm_start=False)"
1,74,GradientBoostingClassifier,0.8519227422003284,0.7648328267236149,0.9390126576770419,552.3670887947083s,0.6341463414634146,0.7222222222222222,0.8387096774193549,0.7727272727272727,5,50,552.3670887947083s,105,"GradientBoostingClassifier(ccp_alpha=0.0, criterion='friedman_mse', init=None,
                           learning_rate=0.1, loss='exponential', max_depth=9,
                           max_features='log2', max_leaf_nodes=None,
                           min_impurity_decrease=0.0, min_impurity_split=None,
                           min_samples_leaf=1, min_samples_split=10,
                           min_weight_fraction_leaf=0.0, n_estimators=100,
                           n_iter_no_change=None, presort='deprecated',
                           random_state=None, subsample=1.0, tol=0.0001,
                           validation_fraction=0.1, verbose=0,
                           warm_start=False)"
2,67,GradientBoostingClassifier,0.8470597290640395,0.7588043593628468,0.9353150987652321,484.3263018131256s,0.7317073170731707,0.7792207792207793,0.8333333333333334,0.8068181818181818,5,40,484.3263018131256s,105,"GradientBoostingClassifier(ccp_alpha=0.0, criterion='mae', init=None,
                           learning_rate=0.1, loss='exponential', max_depth=9,
                           max_features='log2', max_leaf_nodes=None,
                           min_impurity_decrease=0.0, min_impurity_split=None,
                           min_samples_leaf=12, min_samples_split=4,
                           min_weight_fraction_leaf=0.0, n_estimators=100,
                           n_iter_no_change=None, presort='deprecated',
                           random_state=None, subsample=1.0, tol=0.0001,
                           validation_fraction=0.1, verbose=0,
                           warm_start=False)"
3,25,GradientBoostingClassifier,0.8470438641406386,0.7730689724832679,0.9210187557980093,359.65868163108826s,0.6341463414634146,0.6842105263157895,0.7428571428571429,0.7272727272727273,4,40,359.65868163108826s,105,"GradientBoostingClassifier(ccp_alpha=0.0, criterion='mae', init=None,
                           learning_rate=0.1, loss='exponential', max_depth=6,
                           max_features='log2', max_leaf_nodes=None,
                           min_impurity_decrease=0.0, min_impurity_split=None,
                           min_samples_leaf=17, min_samples_split=3,
                           min_weight_fraction_leaf=0.0, n_estimators=100,
                           n_iter_no_change=None, presort='deprecated',
                           random_state=None, subsample=1.0, tol=0.0001,
                           validation_fraction=0.1, verbose=0,
                           warm_start=False)"
4,60,GradientBoostingClassifier,0.8468755336617406,0.7509603743847738,0.9427906929387074,411.70471239089966s,0.6829268292682927,0.736842105263158,0.8,0.7727272727272727,5,30,411.70471239089966s,105,"GradientBoostingClassifier(ccp_alpha=0.0, criterion='mae', init=None,
                           learning_rate=0.1, loss='deviance', max_depth=3,
                           max_features='log2', max_leaf_nodes=None,
                           min_impurity_decrease=0.0, min_impurity_split=None,
                           min_samples_leaf=18, min_samples_split=18,
                           min_weight_fraction_leaf=0.0, n_estimators=100,
                           n_iter_no_change=None, presort='deprecated',
                           random_state=None, subsample=1.0, tol=0.0001,
                           validation_fraction=0.1, verbose=0,
                           warm_start=False)"
5,32,GradientBoostingClassifier,0.8466737071172556,0.7773057328652034,0.9160416813693079,410.0661904811859s,0.6585365853658537,0.7397260273972602,0.84375,0.7840909090909091,4,50,410.0661904811859s,105,"GradientBoostingClassifier(ccp_alpha=0.0, criterion='mae', init=None,
                           learning_rate=0.1, loss='exponential', max_depth=9,
                           max_features='log2', max_leaf_nodes=None,
                           min_impurity_decrease=0.0, min_impurity_split=None,
                           min_samples_leaf=12, min_samples_split=4,
                           min_weight_fraction_leaf=0.0, n_estimators=100,
                           n_iter_no_change=None, presort='deprecated',
                           random_state=None, subsample=1.0, tol=0.0001,
                           validation_fraction=0.1, verbose=0,
                           warm_start=False)"
6,54,GradientBoostingClassifier,0.8439071839080461,0.7476385525464768,0.9401758152696154,135.04998540878296s,0.6341463414634146,0.7123287671232876,0.8125,0.7613636363636364,5,20,135.04998540878296s,15,"GradientBoostingClassifier(ccp_alpha=0.0, criterion='friedman_mse', init=None,
                           learning_rate=0.1, loss='exponential', max_depth=5,
                           max_features='sqrt', max_leaf_nodes=None,
                           min_impurity_decrease=0.0, min_impurity_split=None,
                           min_samples_leaf=24, min_samples_split=19,
                           min_weight_fraction_leaf=0.0, n_estimators=100,
                           n_iter_no_change=None, presort='deprecated',
                           random_state=None, subsample=1.0, tol=0.0001,
                           validation_fraction=0.1, verbose=0,
                           warm_start=False)"
7,26,GradientBoostingClassifier,0.8436942097627582,0.764786903778871,0.9226015157466454,217.71725845336914s,0.7073170731707317,0.7532467532467532,0.8055555555555556,0.7840909090909091,4,40,217.71725845336914s,15,"GradientBoostingClassifier(ccp_alpha=0.0, criterion='mse', init=None,
                           learning_rate=0.1, loss='deviance', max_depth=6,
                           max_features='log2', max_leaf_nodes=None,
                           min_impurity_decrease=0.0, min_impurity_split=None,
                           min_samples_leaf=23, min_samples_split=19,
                           min_weight_fraction_leaf=0.0, n_estimators=100,
                           n_iter_no_change=None, presort='deprecated',
                           random_state=None, subsample=1.0, tol=0.0001,
                           validation_fraction=0.1, verbose=0,
                           warm_start=False)"
8,18,GradientBoostingClassifier,0.8426752645502645,0.7804762674922069,0.9048742616083222,303.2289423942566s,0.7073170731707317,0.7435897435897435,0.7837837837837838,0.7727272727272727,4,30,303.2289423942566s,105,"GradientBoostingClassifier(ccp_alpha=0.0, criterion='mae', init=None,
                           learning_rate=0.1, loss='deviance', max_depth=3,
                           max_features='log2', max_leaf_nodes=None,
                           min_impurity_decrease=0.0, min_impurity_split=None,
                           min_samples_leaf=18, min_samples_split=18,
                           min_weight_fraction_leaf=0.0, n_estimators=100,
                           n_iter_no_change=None, presort='deprecated',
                           random_state=None, subsample=1.0, tol=0.0001,
                           validation_fraction=0.1, verbose=0,
                           warm_start=False)"
9,53,GradientBoostingClassifier,0.8422672003284072,0.745366233322004,0.9391681673348103,233.37756752967834s,0.6829268292682927,0.736842105263158,0.8,0.7727272727272727,5,20,233.37756752967834s,105,"GradientBoostingClassifier(ccp_alpha=0.0, criterion='mae', init=None,
                           learning_rate=0.1, loss='exponential', max_depth=6,
                           max_features='log2', max_leaf_nodes=None,
                           min_impurity_decrease=0.0, min_impurity_split=None,
                           min_samples_leaf=17, min_samples_split=3,
                           min_weight_fraction_leaf=0.0, n_estimators=100,
                           n_iter_no_change=None, presort='deprecated',
                           random_state=None, subsample=1.0, tol=0.0001,
                           validation_fraction=0.1, verbose=0,
                           warm_start=False)"
10,68,GradientBoostingClassifier,0.8419004926108373,0.7504856552823784,0.9333153299392962,297.8027853965759s,0.6341463414634146,0.7027027027027027,0.7878787878787878,0.75,5,40,297.8027853965759s,15,"GradientBoostingClassifier(ccp_alpha=0.0, criterion='mse', init=None,
                           learning_rate=0.1, loss='deviance', max_depth=8,
                           max_features='sqrt', max_leaf_nodes=None,
                           min_impurity_decrease=0.0, min_impurity_split=None,
                           min_samples_leaf=20, min_samples_split=27,
                           min_weight_fraction_leaf=0.0, n_estimators=100,
                           n_iter_no_change=None, presort='deprecated',
                           random_state=None, subsample=1.0, tol=0.0001,
                           validation_fraction=0.1, verbose=0,
                           warm_start=False)"
11,46,GradientBoostingClassifier,0.8415795977011493,0.744515451952883,0.9386437434494156,181.1022822856903s,0.6829268292682927,0.7466666666666667,0.8235294117647058,0.7840909090909091,5,10,181.1022822856903s,105,"GradientBoostingClassifier(ccp_alpha=0.0, criterion='mse', init=None,
                           learning_rate=0.1, loss='exponential', max_depth=5,
                           max_features='log2', max_leaf_nodes=None,
                           min_impurity_decrease=0.0, min_impurity_split=None,
                           min_samples_leaf=31, min_samples_split=36,
                           min_weight_fraction_leaf=0.0, n_estimators=100,
                           n_iter_no_change=None, presort='deprecated',
                           random_state=None, subsample=1.0, tol=0.0001,
                           validation_fraction=0.1, verbose=0,
                           warm_start=False)"
12,4,GradientBoostingClassifier,0.8413581669226831,0.7545059660707181,0.928210367774648,132.7000594139099s,0.7560975609756098,0.7654320987654322,0.775,0.7840909090909091,4,10,132.7000594139099s,105,"GradientBoostingClassifier(ccp_alpha=0.0, criterion='mae', init=None,
                           learning_rate=0.1, loss='exponential', max_depth=9,
                           max_features='log2', max_leaf_nodes=None,
                           min_impurity_decrease=0.0, min_impurity_split=None,
                           min_samples_leaf=6, min_samples_split=40,
                           min_weight_fraction_leaf=0.0, n_estimators=100,
                           n_iter_no_change=None, presort='deprecated',
                           random_state=None, subsample=1.0, tol=0.0001,
                           validation_fraction=0.1, verbose=0,
                           warm_start=False)"
13,11,GradientBoostingClassifier,0.8412526668373441,0.7477849890578676,0.9347203446168206,173.78393077850342s,0.6585365853658537,0.72,0.7941176470588235,0.7613636363636364,4,20,173.78393077850342s,105,"GradientBoostingClassifier(ccp_alpha=0.0, criterion='mae', init=None,
                           learning_rate=0.1, loss='deviance', max_depth=3,
                           max_features='log2', max_leaf_nodes=None,
                           min_impurity_decrease=0.0, min_impurity_split=None,
                           min_samples_leaf=18, min_samples_split=18,
                           min_weight_fraction_leaf=0.0, n_estimators=100,
                           n_iter_no_change=None, presort='deprecated',
                           random_state=None, subsample=1.0, tol=0.0001,
                           validation_fraction=0.1, verbose=0,
                           warm_start=False)"
14,39,GradientBoostingClassifier,0.8411135646014678,0.749470173881498,0.9327569553214377,528.6552023887634s,0.7317073170731707,0.7792207792207793,0.8333333333333334,0.8068181818181818,4,60,528.6552023887634s,105,"GradientBoostingClassifier(ccp_alpha=0.0, criterion='mae', init=None,
                           learning_rate=0.1, loss='exponential', max_depth=6,
                           max_features='log2', max_leaf_nodes=None,
                           min_impurity_decrease=0.0, min_impurity_split=None,
                           min_samples_leaf=17, min_samples_split=3,
                           min_weight_fraction_leaf=0.0, n_estimators=100,
                           n_iter_no_change=None, presort='deprecated',
                           random_state=None, subsample=1.0, tol=0.0001,
                           validation_fraction=0.1, verbose=0,
                           warm_start=False)"
15,81,GradientBoostingClassifier,0.8410602627257799,0.7457175371112276,0.9364029883403323,716.9337339401245s,0.6585365853658537,0.7297297297297297,0.8181818181818182,0.7727272727272727,5,60,716.9337339401245s,105,"GradientBoostingClassifier(ccp_alpha=0.0, criterion='friedman_mse', init=None,
                           learning_rate=0.1, loss='exponential', max_depth=9,
                           max_features='log2', max_leaf_nodes=None,
                           min_impurity_decrease=0.0, min_impurity_split=None,
                           min_samples_leaf=1, min_samples_split=10,
                           min_weight_fraction_leaf=0.0, n_estimators=100,
                           n_iter_no_change=None, presort='deprecated',
                           random_state=None, subsample=1.0, tol=0.0001,
                           validation_fraction=0.1, verbose=0,
                           warm_start=False)"
16,61,GradientBoostingClassifier,0.8402816502463054,0.7485844208364383,0.9319788796561725,219.9845359325409s,0.6341463414634146,0.6842105263157895,0.7428571428571429,0.7272727272727273,5,30,219.9845359325409s,15,"GradientBoostingClassifier(ccp_alpha=0.0, criterion='friedman_mse', init=None,
                           learning_rate=0.1, loss='exponential', max_depth=5,
                           max_features='sqrt', max_leaf_nodes=None,
                           min_impurity_decrease=0.0, min_impurity_split=None,
                           min_samples_leaf=24, min_samples_split=19,
                           min_weight_fraction_leaf=0.0, n_estimators=100,
                           n_iter_no_change=None, presort='deprecated',
                           random_state=None, subsample=1.0, tol=0.0001,
                           validation_fraction=0.1, verbose=0,
                           warm_start=False)"
17,5,GradientBoostingClassifier,0.8386309523809524,0.7512120133290978,0.926049891432807,63.57633996009827s,0.6341463414634146,0.7123287671232876,0.8125,0.7613636363636364,4,10,63.57633996009827s,15,"GradientBoostingClassifier(ccp_alpha=0.0, criterion='mse', init=None,
                           learning_rate=0.1, loss='deviance', max_depth=6,
                           max_features='log2', max_leaf_nodes=None,
                           min_impurity_decrease=0.0, min_impurity_split=None,
                           min_samples_leaf=23, min_samples_split=19,
                           min_weight_fraction_leaf=0.0, n_estimators=100,
                           n_iter_no_change=None, presort='deprecated',
                           random_state=None, subsample=1.0, tol=0.0001,
                           validation_fraction=0.1, verbose=0,
                           warm_start=False)"
18,12,GradientBoostingClassifier,0.8386220984809695,0.7542106095198787,0.9230335874420602,99.61447262763977s,0.6341463414634146,0.6933333333333332,0.7647058823529411,0.7386363636363636,4,20,99.61447262763977s,15,"GradientBoostingClassifier(ccp_alpha=0.0, criterion='friedman_mse', init=None,
                           learning_rate=0.1, loss='exponential', max_depth=5,
                           max_features='sqrt', max_leaf_nodes=None,
                           min_impurity_decrease=0.0, min_impurity_split=None,
                           min_samples_leaf=24, min_samples_split=19,
                           min_weight_fraction_leaf=0.0, n_estimators=100,
                           n_iter_no_change=None, presort='deprecated',
                           random_state=None, subsample=1.0, tol=0.0001,
                           validation_fraction=0.1, verbose=0,
                           warm_start=False)"
19,58,RandomForestClassifier,0.8377472906403941,0.7530435214155229,0.9224510598652653,179.2150182723999s,0.5121951219512195,0.6176470588235294,0.7777777777777778,0.7045454545454546,5,30,179.2150182723999s,105,"RandomForestClassifier(bootstrap=False, ccp_alpha=0.0, class_weight=None,
                       criterion='gini', max_depth=8, max_features='log2',
                       max_leaf_nodes=None, max_samples=None,
                       min_impurity_decrease=0.0, min_impurity_split=None,
                       min_samples_leaf=53, min_samples_split=77,
                       min_weight_fraction_leaf=0.0, n_estimators=146,
                       n_jobs=None, oob_score=False, random_state=None,
                       verbose=0, warm_start=False)"
20,23,RandomForestClassifier,0.8376302483358936,0.7720042005659542,0.903256296105833,197.4318482875824s,0.4878048780487805,0.6060606060606061,0.8,0.7045454545454546,4,40,197.4318482875824s,105,"RandomForestClassifier(bootstrap=False, ccp_alpha=0.0, class_weight=None,
                       criterion='gini', max_depth=8, max_features='log2',
                       max_leaf_nodes=None, max_samples=None,
                       min_impurity_decrease=0.0, min_impurity_split=None,
                       min_samples_leaf=53, min_samples_split=77,
                       min_weight_fraction_leaf=0.0, n_estimators=146,
                       n_jobs=None, oob_score=False, random_state=None,
                       verbose=0, warm_start=False)"
21,72,RandomForestClassifier,0.8373933087027915,0.7394310555188113,0.9353555618867717,313.0788850784302s,0.5853658536585366,0.6857142857142856,0.8275862068965517,0.75,5,50,313.0788850784302s,105,"RandomForestClassifier(bootstrap=False, ccp_alpha=0.0, class_weight=None,
                       criterion='gini', max_depth=7, max_features='log2',
                       max_leaf_nodes=None, max_samples=None,
                       min_impurity_decrease=0.0, min_impurity_split=None,
                       min_samples_leaf=42, min_samples_split=90,
                       min_weight_fraction_leaf=0.0, n_estimators=79,
                       n_jobs=None, oob_score=False, random_state=None,
                       verbose=0, warm_start=False)"
22,75,GradientBoostingClassifier,0.8365359605911331,0.7581717472729359,0.9149001739093303,354.5952351093292s,0.7317073170731707,0.7499999999999999,0.7692307692307693,0.7727272727272727,5,50,354.5952351093292s,15,"GradientBoostingClassifier(ccp_alpha=0.0, criterion='friedman_mse', init=None,
                           learning_rate=0.1, loss='exponential', max_depth=9,
                           max_features='log2', max_leaf_nodes=None,
                           min_impurity_decrease=0.0, min_impurity_split=None,
                           min_samples_leaf=32, min_samples_split=43,
                           min_weight_fraction_leaf=0.0, n_estimators=100,
                           n_iter_no_change=None, presort='deprecated',
                           random_state=None, subsample=1.0, tol=0.0001,
                           validation_fraction=0.1, verbose=0,
                           warm_start=False)"
23,40,GradientBoostingClassifier,0.8358656554019458,0.7340213764790466,0.937709934324845,308.23415875434875s,0.7073170731707317,0.725,0.7435897435897436,0.75,4,60,308.23415875434875s,15,"GradientBoostingClassifier(ccp_alpha=0.0, criterion='mae', init=None,
                           learning_rate=0.1, loss='deviance', max_depth=3,
                           max_features='log2', max_leaf_nodes=None,
                           min_impurity_decrease=0.0, min_impurity_split=None,
                           min_samples_leaf=18, min_samples_split=18,
                           min_weight_fraction_leaf=0.0, n_estimators=100,
                           n_iter_no_change=None, presort='deprecated',
                           random_state=None, subsample=1.0, tol=0.0001,
                           validation_fraction=0.1, verbose=0,
                           warm_start=False)"
24,30,RandomForestClassifier,0.835693271036013,0.7602158211424257,0.9111707209296003,250.24269127845764s,0.5609756097560976,0.6666666666666667,0.8214285714285714,0.7386363636363636,4,50,250.24269127845764s,105,"RandomForestClassifier(bootstrap=False, ccp_alpha=0.0, class_weight=None,
                       criterion='gini', max_depth=7, max_features='log2',
                       max_leaf_nodes=None, max_samples=None,
                       min_impurity_decrease=0.0, min_impurity_split=None,
                       min_samples_leaf=42, min_samples_split=90,
                       min_weight_fraction_leaf=0.0, n_estimators=79,
                       n_jobs=None, oob_score=False, random_state=None,
                       verbose=0, warm_start=False)"
25,79,RandomForestClassifier,0.8355626847290641,0.7467506369566994,0.9243747325014289,378.48416924476624s,0.5853658536585366,0.676056338028169,0.8,0.7386363636363636,5,60,378.48416924476624s,105,"RandomForestClassifier(bootstrap=False, ccp_alpha=0.0, class_weight=None,
                       criterion='gini', max_depth=5, max_features='log2',
                       max_leaf_nodes=None, max_samples=None,
                       min_impurity_decrease=0.0, min_impurity_split=None,
                       min_samples_leaf=47, min_samples_split=55,
                       min_weight_fraction_leaf=0.0, n_estimators=55,
                       n_jobs=None, oob_score=False, random_state=None,
                       verbose=0, warm_start=False)"
26,37,RandomForestClassifier,0.8352151604369347,0.7411650679579724,0.9292652529158969,301.371456861496s,0.5121951219512195,0.6176470588235294,0.7777777777777778,0.7045454545454546,4,60,301.371456861496s,105,"RandomForestClassifier(bootstrap=False, ccp_alpha=0.0, class_weight=None,
                       criterion='gini', max_depth=7, max_features='log2',
                       max_leaf_nodes=None, max_samples=None,
                       min_impurity_decrease=0.0, min_impurity_split=None,
                       min_samples_leaf=42, min_samples_split=90,
                       min_weight_fraction_leaf=0.0, n_estimators=79,
                       n_jobs=None, oob_score=False, random_state=None,
                       verbose=0, warm_start=False)"
27,51,RandomForestClassifier,0.8351982348111657,0.7434472204714251,0.9269492491509064,120.22278141975403s,0.5609756097560976,0.6764705882352942,0.8518518518518519,0.75,5,20,120.22278141975403s,105,"RandomForestClassifier(bootstrap=False, ccp_alpha=0.0, class_weight=None,
                       criterion='gini', max_depth=5, max_features='log2',
                       max_leaf_nodes=None, max_samples=None,
                       min_impurity_decrease=0.0, min_impurity_split=None,
                       min_samples_leaf=47, min_samples_split=55,
                       min_weight_fraction_leaf=0.0, n_estimators=55,
                       n_jobs=None, oob_score=False, random_state=None,
                       verbose=0, warm_start=False)"
28,82,GradientBoostingClassifier,0.8334896962233169,0.7391846836121105,0.9277947088345233,443.20907855033875s,0.6585365853658537,0.675,0.6923076923076923,0.7045454545454546,5,60,443.20907855033875s,15,"GradientBoostingClassifier(ccp_alpha=0.0, criterion='mse', init=None,
                           learning_rate=0.1, loss='deviance', max_depth=9,
                           max_features='log2', max_leaf_nodes=None,
                           min_impurity_decrease=0.0, min_impurity_split=None,
                           min_samples_leaf=9, min_samples_split=12,
                           min_weight_fraction_leaf=0.0, n_estimators=100,
                           n_iter_no_change=None, presort='deprecated',
                           random_state=None, subsample=1.0, tol=0.0001,
                           validation_fraction=0.1, verbose=0,
                           warm_start=False)"
29,16,RandomForestClassifier,0.8327212408260796,0.7518587681979013,0.9135837134542578,143.45237112045288s,0.6341463414634146,0.7123287671232876,0.8125,0.7613636363636364,4,30,143.45237112045288s,105,"RandomForestClassifier(bootstrap=False, ccp_alpha=0.0, class_weight=None,
                       criterion='entropy', max_depth=8, max_features='sqrt',
                       max_leaf_nodes=None, max_samples=None,
                       min_impurity_decrease=0.0, min_impurity_split=None,
                       min_samples_leaf=42, min_samples_split=35,
                       min_weight_fraction_leaf=0.0, n_estimators=129,
                       n_jobs=None, oob_score=False, random_state=None,
                       verbose=0, warm_start=False)"
30,65,RandomForestClassifier,0.8321306239737274,0.7472256791952369,0.9170355687522179,246.01135540008545s,0.5121951219512195,0.6268656716417911,0.8076923076923077,0.7159090909090909,5,40,246.01135540008545s,105,"RandomForestClassifier(bootstrap=False, ccp_alpha=0.0, class_weight=None,
                       criterion='gini', max_depth=8, max_features='log2',
                       max_leaf_nodes=None, max_samples=None,
                       min_impurity_decrease=0.0, min_impurity_split=None,
                       min_samples_leaf=53, min_samples_split=77,
                       min_weight_fraction_leaf=0.0, n_estimators=146,
                       n_jobs=None, oob_score=False, random_state=None,
                       verbose=0, warm_start=False)"
31,44,RandomForestClassifier,0.8315231527093594,0.7241468031066649,0.9388995023120539,48.45728135108948s,0.5121951219512195,0.6268656716417911,0.8076923076923077,0.7159090909090909,5,10,48.45728135108948s,105,"RandomForestClassifier(bootstrap=False, ccp_alpha=0.0, class_weight=None,
                       criterion='gini', max_depth=5, max_features='log2',
                       max_leaf_nodes=None, max_samples=None,
                       min_impurity_decrease=0.0, min_impurity_split=None,
                       min_samples_leaf=47, min_samples_split=55,
                       min_weight_fraction_leaf=0.0, n_estimators=55,
                       n_jobs=None, oob_score=False, random_state=None,
                       verbose=0, warm_start=False)"
32,2,RandomForestClassifier,0.8303659967571256,0.7315512920068391,0.9291807015074122,38.660929918289185s,0.5121951219512195,0.6000000000000001,0.7241379310344828,0.6818181818181818,4,10,38.660929918289185s,105,"RandomForestClassifier(bootstrap=False, ccp_alpha=0.0, class_weight=None,
                       criterion='gini', max_depth=5, max_features='log2',
                       max_leaf_nodes=None, max_samples=None,
                       min_impurity_decrease=0.0, min_impurity_split=None,
                       min_samples_leaf=47, min_samples_split=55,
                       min_weight_fraction_leaf=0.0, n_estimators=55,
                       n_jobs=None, oob_score=False, random_state=None,
                       verbose=0, warm_start=False)"
33,33,GradientBoostingClassifier,0.828038167776071,0.7552261573279055,0.9008501782242364,264.0117416381836s,0.6585365853658537,0.675,0.6923076923076923,0.7045454545454546,4,50,264.0117416381836s,15,"GradientBoostingClassifier(ccp_alpha=0.0, criterion='mse', init=None,
                           learning_rate=0.1, loss='deviance', max_depth=8,
                           max_features='sqrt', max_leaf_nodes=None,
                           min_impurity_decrease=0.0, min_impurity_split=None,
                           min_samples_leaf=23, min_samples_split=31,
                           min_weight_fraction_leaf=0.0, n_estimators=100,
                           n_iter_no_change=None, presort='deprecated',
                           random_state=None, subsample=1.0, tol=0.0001,
                           validation_fraction=0.1, verbose=0,
                           warm_start=False)"
34,9,RandomForestClassifier,0.8272419568185697,0.7407496297255476,0.9137342839115918,95.94529151916504s,0.4878048780487805,0.5797101449275363,0.7142857142857143,0.6704545454545454,4,20,95.94529151916504s,105,"RandomForestClassifier(bootstrap=False, ccp_alpha=0.0, class_weight=None,
                       criterion='gini', max_depth=5, max_features='log2',
                       max_leaf_nodes=None, max_samples=None,
                       min_impurity_decrease=0.0, min_impurity_split=None,
                       min_samples_leaf=47, min_samples_split=55,
                       min_weight_fraction_leaf=0.0, n_estimators=55,
                       n_jobs=None, oob_score=False, random_state=None,
                       verbose=0, warm_start=False)"
35,19,GradientBoostingClassifier,0.8228590629800306,0.7403965910153039,0.9053215349447574,168.99009132385254s,0.6585365853658537,0.6923076923076923,0.7297297297297297,0.7272727272727273,4,30,168.99009132385254s,15,"GradientBoostingClassifier(ccp_alpha=0.0, criterion='mse', init=None,
                           learning_rate=0.1, loss='deviance', max_depth=4,
                           max_features='log2', max_leaf_nodes=None,
                           min_impurity_decrease=0.0, min_impurity_split=None,
                           min_samples_leaf=41, min_samples_split=10,
                           min_weight_fraction_leaf=0.0, n_estimators=100,
                           n_iter_no_change=None, presort='deprecated',
                           random_state=None, subsample=1.0, tol=0.0001,
                           validation_fraction=0.1, verbose=0,
                           warm_start=False)"
36,45,RandomForestClassifier,0.8194628489326764,0.7047541807759218,0.934171517089431,47.81008553504944s,0.6585365853658537,0.6923076923076923,0.7297297297297297,0.7272727272727273,5,10,47.81008553504944s,15,"RandomForestClassifier(bootstrap=False, ccp_alpha=0.0, class_weight=None,
                       criterion='entropy', max_depth=5, max_features='auto',
                       max_leaf_nodes=None, max_samples=None,
                       min_impurity_decrease=0.0, min_impurity_split=None,
                       min_samples_leaf=40, min_samples_split=75,
                       min_weight_fraction_leaf=0.0, n_estimators=84,
                       n_jobs=None, oob_score=False, random_state=None,
                       verbose=0, warm_start=False)"
37,73,RandomForestClassifier,0.8194596469622332,0.7235713664832927,0.9153479274411737,309.2996611595154s,0.6097560975609756,0.6944444444444445,0.8064516129032258,0.75,5,50,309.2996611595154s,15,"RandomForestClassifier(bootstrap=True, ccp_alpha=0.0, class_weight=None,
                       criterion='entropy', max_depth=8, max_features='auto',
                       max_leaf_nodes=None, max_samples=None,
                       min_impurity_decrease=0.0, min_impurity_split=None,
                       min_samples_leaf=39, min_samples_split=110,
                       min_weight_fraction_leaf=0.0, n_estimators=125,
                       n_jobs=None, oob_score=False, random_state=None,
                       verbose=0, warm_start=False)"
38,66,RandomForestClassifier,0.8173244458128077,0.7105848494689818,0.9240640421566336,243.22325134277344s,0.6097560975609756,0.6756756756756757,0.7575757575757576,0.7272727272727273,5,40,243.22325134277344s,15,"RandomForestClassifier(bootstrap=True, ccp_alpha=0.0, class_weight=None,
                       criterion='gini', max_depth=6, max_features='log2',
                       max_leaf_nodes=None, max_samples=None,
                       min_impurity_decrease=0.0, min_impurity_split=None,
                       min_samples_leaf=37, min_samples_split=86,
                       min_weight_fraction_leaf=0.0, n_estimators=91,
                       n_jobs=None, oob_score=False, random_state=None,
                       verbose=0, warm_start=False)"
39,24,RandomForestClassifier,0.8170650921658986,0.719822233278938,0.9143079510528592,194.1310670375824s,0.6341463414634146,0.6753246753246753,0.7222222222222222,0.7159090909090909,4,40,194.1310670375824s,15,"RandomForestClassifier(bootstrap=True, ccp_alpha=0.0, class_weight=None,
                       criterion='gini', max_depth=6, max_features='log2',
                       max_leaf_nodes=None, max_samples=None,
                       min_impurity_decrease=0.0, min_impurity_split=None,
                       min_samples_leaf=37, min_samples_split=86,
                       min_weight_fraction_leaf=0.0, n_estimators=91,
                       n_jobs=None, oob_score=False, random_state=None,
                       verbose=0, warm_start=False)"
40,80,RandomForestClassifier,0.8161486453201973,0.706381462510929,0.9259158281294655,372.3089904785156s,0.6097560975609756,0.6666666666666666,0.7352941176470589,0.7159090909090909,5,60,372.3089904785156s,15,"RandomForestClassifier(bootstrap=True, ccp_alpha=0.0, class_weight=None,
                       criterion='entropy', max_depth=5, max_features='log2',
                       max_leaf_nodes=None, max_samples=None,
                       min_impurity_decrease=0.0, min_impurity_split=None,
                       min_samples_leaf=40, min_samples_split=42,
                       min_weight_fraction_leaf=0.0, n_estimators=131,
                       n_jobs=None, oob_score=False, random_state=None,
                       verbose=0, warm_start=False)"
41,31,RandomForestClassifier,0.8136400729646697,0.7336533822120642,0.8936267637172751,246.9102964401245s,0.6585365853658537,0.6923076923076923,0.7297297297297297,0.7272727272727273,4,50,246.9102964401245s,15,"RandomForestClassifier(bootstrap=True, ccp_alpha=0.0, class_weight=None,
                       criterion='gini', max_depth=6, max_features='log2',
                       max_leaf_nodes=None, max_samples=None,
                       min_impurity_decrease=0.0, min_impurity_split=None,
                       min_samples_leaf=37, min_samples_split=86,
                       min_weight_fraction_leaf=0.0, n_estimators=91,
                       n_jobs=None, oob_score=False, random_state=None,
                       verbose=0, warm_start=False)"
42,59,RandomForestClassifier,0.8128243431855501,0.7023201498182028,0.9233285365528974,176.92416858673096s,0.6341463414634146,0.6842105263157895,0.7428571428571429,0.7272727272727273,5,30,176.92416858673096s,15,"RandomForestClassifier(bootstrap=True, ccp_alpha=0.0, class_weight=None,
                       criterion='entropy', max_depth=5, max_features='log2',
                       max_leaf_nodes=None, max_samples=None,
                       min_impurity_decrease=0.0, min_impurity_split=None,
                       min_samples_leaf=40, min_samples_split=42,
                       min_weight_fraction_leaf=0.0, n_estimators=131,
                       n_jobs=None, oob_score=False, random_state=None,
                       verbose=0, warm_start=False)"
43,38,RandomForestClassifier,0.8114061166581328,0.7159618206272299,0.9068504126890357,297.1618859767914s,0.5609756097560976,0.6301369863013699,0.71875,0.6931818181818182,4,60,297.1618859767914s,15,"RandomForestClassifier(bootstrap=True, ccp_alpha=0.0, class_weight=None,
                       criterion='gini', max_depth=9, max_features='log2',
                       max_leaf_nodes=None, max_samples=None,
                       min_impurity_decrease=0.0, min_impurity_split=None,
                       min_samples_leaf=35, min_samples_split=96,
                       min_weight_fraction_leaf=0.0, n_estimators=65,
                       n_jobs=None, oob_score=False, random_state=None,
                       verbose=0, warm_start=False)"
44,17,RandomForestClassifier,0.8106421744324971,0.7236133366777378,0.8976710121872564,141.39268159866333s,0.6585365853658537,0.7105263157894737,0.7714285714285715,0.75,4,30,141.39268159866333s,15,"RandomForestClassifier(bootstrap=True, ccp_alpha=0.0, class_weight=None,
                       criterion='entropy', max_depth=5, max_features='log2',
                       max_leaf_nodes=None, max_samples=None,
                       min_impurity_decrease=0.0, min_impurity_split=None,
                       min_samples_leaf=40, min_samples_split=42,
                       min_weight_fraction_leaf=0.0, n_estimators=131,
                       n_jobs=None, oob_score=False, random_state=None,
                       verbose=0, warm_start=False)"
45,10,RandomForestClassifier,0.8079832309267794,0.7275320785530776,0.8884343833004812,95.07556939125061s,0.5365853658536586,0.6111111111111112,0.7096774193548387,0.6818181818181818,4,20,95.07556939125061s,15,"RandomForestClassifier(bootstrap=True, ccp_alpha=0.0, class_weight=None,
                       criterion='entropy', max_depth=5, max_features='log2',
                       max_leaf_nodes=None, max_samples=None,
                       min_impurity_decrease=0.0, min_impurity_split=None,
                       min_samples_leaf=40, min_samples_split=42,
                       min_weight_fraction_leaf=0.0, n_estimators=131,
                       n_jobs=None, oob_score=False, random_state=None,
                       verbose=0, warm_start=False)"
46,3,RandomForestClassifier,0.8035372930534221,0.6983879498149749,0.9086866362918694,37.915809869766235s,0.6585365853658537,0.675,0.6923076923076923,0.7045454545454546,4,10,37.915809869766235s,15,"RandomForestClassifier(bootstrap=False, ccp_alpha=0.0, class_weight=None,
                       criterion='gini', max_depth=5, max_features='log2',
                       max_leaf_nodes=None, max_samples=None,
                       min_impurity_decrease=0.0, min_impurity_split=None,
                       min_samples_leaf=47, min_samples_split=55,
                       min_weight_fraction_leaf=0.0, n_estimators=55,
                       n_jobs=None, oob_score=False, random_state=None,
                       verbose=0, warm_start=False)"
47,52,RandomForestClassifier,0.8022276683087028,0.6846606561693863,0.9197946804480194,118.46758460998535s,0.7073170731707317,0.7532467532467532,0.8055555555555556,0.7840909090909091,5,20,118.46758460998535s,15,"RandomForestClassifier(bootstrap=False, ccp_alpha=0.0, class_weight=None,
                       criterion='entropy', max_depth=5, max_features='auto',
                       max_leaf_nodes=None, max_samples=None,
                       min_impurity_decrease=0.0, min_impurity_split=None,
                       min_samples_leaf=40, min_samples_split=75,
                       min_weight_fraction_leaf=0.0, n_estimators=84,
                       n_jobs=None, oob_score=False, random_state=None,
                       verbose=0, warm_start=False)"
48,78,SVC,0.7500914203612479,0.6481435901407607,0.852039250581735,73.19511198997498s,0.5365853658536586,0.6376811594202899,0.7857142857142857,0.7159090909090909,5,60,73.19511198997498s,105,"SVC(C=1.0, break_ties=False, cache_size=200, class_weight=None, coef0=0.0,
    decision_function_shape='ovr', degree=3, gamma='scale', kernel='rbf',
    max_iter=-1, probability=False, random_state=None, shrinking=True,
    tol=0.001, verbose=False)"
49,71,SVC,0.7494291050903118,0.62980779830947,0.8690504118711536,61.2267587184906s,0.5365853658536586,0.6376811594202899,0.7857142857142857,0.7159090909090909,5,50,61.2267587184906s,105,"SVC(C=1.0, break_ties=False, cache_size=200, class_weight=None, coef0=0.0,
    decision_function_shape='ovr', degree=3, gamma='scale', kernel='rbf',
    max_iter=-1, probability=False, random_state=None, shrinking=True,
    tol=0.001, verbose=False)"
50,57,SVC,0.7494193760262727,0.6324521015839637,0.8663866504685818,36.633705854415894s,0.5365853658536586,0.6376811594202899,0.7857142857142857,0.7159090909090909,5,30,36.633705854415894s,105,"SVC(C=1.0, break_ties=False, cache_size=200, class_weight=None, coef0=0.0,
    decision_function_shape='ovr', degree=3, gamma='scale', kernel='rbf',
    max_iter=-1, probability=False, random_state=None, shrinking=True,
    tol=0.001, verbose=False)"
51,43,SVC,0.7490036945812808,0.6013510797656276,0.896656309396934,12.195623874664307s,0.5365853658536586,0.6376811594202899,0.7857142857142857,0.7159090909090909,5,10,12.195623874664307s,105,"SVC(C=1.0, break_ties=False, cache_size=200, class_weight=None, coef0=0.0,
    decision_function_shape='ovr', degree=3, gamma='scale', kernel='rbf',
    max_iter=-1, probability=False, random_state=None, shrinking=True,
    tol=0.001, verbose=False)"
52,50,SVC,0.7489845238095237,0.6242256661910117,0.8737433814280358,24.58029866218567s,0.5365853658536586,0.6376811594202899,0.7857142857142857,0.7159090909090909,5,20,24.58029866218567s,105,"SVC(C=1.0, break_ties=False, cache_size=200, class_weight=None, coef0=0.0,
    decision_function_shape='ovr', degree=3, gamma='scale', kernel='rbf',
    max_iter=-1, probability=False, random_state=None, shrinking=True,
    tol=0.001, verbose=False)"
53,64,SVC,0.7485784893267653,0.6162460770857697,0.8809109015677609,48.78870677947998s,0.5365853658536586,0.6376811594202899,0.7857142857142857,0.7159090909090909,5,40,48.78870677947998s,105,"SVC(C=1.0, break_ties=False, cache_size=200, class_weight=None, coef0=0.0,
    decision_function_shape='ovr', degree=3, gamma='scale', kernel='rbf',
    max_iter=-1, probability=False, random_state=None, shrinking=True,
    tol=0.001, verbose=False)"
54,15,SVC,0.747760496671787,0.6417858253179058,0.8537351680256682,27.783720016479492s,0.5365853658536586,0.6376811594202899,0.7857142857142857,0.7159090909090909,4,30,27.783720016479492s,105,"SVC(C=1.0, break_ties=False, cache_size=200, class_weight=None, coef0=0.0,
    decision_function_shape='ovr', degree=3, gamma='scale', kernel='rbf',
    max_iter=-1, probability=False, random_state=None, shrinking=True,
    tol=0.001, verbose=False)"
55,36,SVC,0.7470718125960062,0.6634275428449711,0.8307160823470413,55.30261564254761s,0.5365853658536586,0.6376811594202899,0.7857142857142857,0.7159090909090909,4,60,55.30261564254761s,105,"SVC(C=1.0, break_ties=False, cache_size=200, class_weight=None, coef0=0.0,
    decision_function_shape='ovr', degree=3, gamma='scale', kernel='rbf',
    max_iter=-1, probability=False, random_state=None, shrinking=True,
    tol=0.001, verbose=False)"
56,29,SVC,0.7468303038061103,0.6338230532206474,0.8598375543915732,46.10104036331177s,0.5365853658536586,0.6376811594202899,0.7857142857142857,0.7159090909090909,4,50,46.10104036331177s,105,"SVC(C=1.0, break_ties=False, cache_size=200, class_weight=None, coef0=0.0,
    decision_function_shape='ovr', degree=3, gamma='scale', kernel='rbf',
    max_iter=-1, probability=False, random_state=None, shrinking=True,
    tol=0.001, verbose=False)"
57,8,SVC,0.7461640211640211,0.636648199909385,0.8556798424186572,18.413604259490967s,0.5365853658536586,0.6376811594202899,0.7857142857142857,0.7159090909090909,4,20,18.413604259490967s,105,"SVC(C=1.0, break_ties=False, cache_size=200, class_weight=None, coef0=0.0,
    decision_function_shape='ovr', degree=3, gamma='scale', kernel='rbf',
    max_iter=-1, probability=False, random_state=None, shrinking=True,
    tol=0.001, verbose=False)"
58,1,SVC,0.7456317204301075,0.6362500015596525,0.8550134393005625,9.18886113166809s,0.5365853658536586,0.6376811594202899,0.7857142857142857,0.7159090909090909,4,10,9.18886113166809s,105,"SVC(C=1.0, break_ties=False, cache_size=200, class_weight=None, coef0=0.0,
    decision_function_shape='ovr', degree=3, gamma='scale', kernel='rbf',
    max_iter=-1, probability=False, random_state=None, shrinking=True,
    tol=0.001, verbose=False)"
59,22,SVC,0.7431007851169141,0.6191537278486058,0.8670478423852225,36.9598753452301s,0.5365853658536586,0.6376811594202899,0.7857142857142857,0.7159090909090909,4,40,36.9598753452301s,105,"SVC(C=1.0, break_ties=False, cache_size=200, class_weight=None, coef0=0.0,
    decision_function_shape='ovr', degree=3, gamma='scale', kernel='rbf',
    max_iter=-1, probability=False, random_state=None, shrinking=True,
    tol=0.001, verbose=False)"
60,20,KNeighborsClassifier,0.7252545762928827,0.6268694024019776,0.8236397501837878,21.23751163482666s,0.4634146341463415,0.5507246376811594,0.6785714285714286,0.6477272727272727,4,30,21.23751163482666s,105,"KNeighborsClassifier(algorithm='ball_tree', leaf_size=30, metric='minkowski',
                     metric_params=None, n_jobs=None, n_neighbors=9, p=2,
                     weights='distance')"
61,55,KNeighborsClassifier,0.7231549671592775,0.6016507538316249,0.8446591804869301,17.17103409767151s,0.4634146341463415,0.5507246376811594,0.6785714285714286,0.6477272727272727,5,20,17.17103409767151s,105,"KNeighborsClassifier(algorithm='ball_tree', leaf_size=30, metric='minkowski',
                     metric_params=None, n_jobs=None, n_neighbors=9, p=2,
                     weights='distance')"
62,62,KNeighborsClassifier,0.723059790640394,0.6163766162938813,0.8297429649869068,26.78851056098938s,0.4634146341463415,0.5507246376811594,0.6785714285714286,0.6477272727272727,5,30,26.78851056098938s,105,"KNeighborsClassifier(algorithm='ball_tree', leaf_size=30, metric='minkowski',
                     metric_params=None, n_jobs=None, n_neighbors=9, p=2,
                     weights='distance')"
63,69,KNeighborsClassifier,0.7230515394088671,0.6202644850039285,0.8258385938138058,36.23980212211609s,0.4634146341463415,0.5507246376811594,0.6785714285714286,0.6477272727272727,5,40,36.23980212211609s,105,"KNeighborsClassifier(algorithm='ball_tree', leaf_size=30, metric='minkowski',
                     metric_params=None, n_jobs=None, n_neighbors=9, p=2,
                     weights='distance')"
64,77,DecisionTreeClassifier,0.7216480911330049,0.575411866019682,0.8678843162463278,21.10109043121338s,0.6585365853658537,0.6666666666666667,0.675,0.6931818181818182,5,60,21.10109043121338s,105,"DecisionTreeClassifier(ccp_alpha=0.0, class_weight=None, criterion='gini',
                       max_depth=5, max_features=None, max_leaf_nodes=None,
                       min_impurity_decrease=0.0, min_impurity_split=None,
                       min_samples_leaf=32, min_samples_split=103,
                       min_weight_fraction_leaf=0.0, presort='deprecated',
                       random_state=None, splitter='best')"
65,34,KNeighborsClassifier,0.7213408858166923,0.6130741232657848,0.8296076483675998,35.99890685081482s,0.4634146341463415,0.5507246376811594,0.6785714285714286,0.6477272727272727,4,50,35.99890685081482s,105,"KNeighborsClassifier(algorithm='ball_tree', leaf_size=30, metric='minkowski',
                     metric_params=None, n_jobs=None, n_neighbors=9, p=2,
                     weights='distance')"
66,27,KNeighborsClassifier,0.7201599569039085,0.6404739106839621,0.799846003123855,28.340579509735107s,0.4634146341463415,0.5507246376811594,0.6785714285714286,0.6477272727272727,4,40,28.340579509735107s,105,"KNeighborsClassifier(algorithm='ball_tree', leaf_size=30, metric='minkowski',
                     metric_params=None, n_jobs=None, n_neighbors=9, p=2,
                     weights='distance')"
67,48,KNeighborsClassifier,0.7193837438423647,0.5810501680202995,0.8577173196644299,8.841916561126709s,0.4634146341463415,0.5507246376811594,0.6785714285714286,0.6477272727272727,5,10,8.841916561126709s,105,"KNeighborsClassifier(algorithm='ball_tree', leaf_size=30, metric='minkowski',
                     metric_params=None, n_jobs=None, n_neighbors=9, p=2,
                     weights='distance')"
68,76,KNeighborsClassifier,0.7183854474548441,0.6273486943932938,0.8094222005163945,45.914719581604004s,0.4634146341463415,0.5507246376811594,0.6785714285714286,0.6477272727272727,5,50,45.914719581604004s,105,"KNeighborsClassifier(algorithm='ball_tree', leaf_size=30, metric='minkowski',
                     metric_params=None, n_jobs=None, n_neighbors=9, p=2,
                     weights='distance')"
69,63,DecisionTreeClassifier,0.717988854679803,0.5966999704744077,0.8392777388851983,13.854561567306519s,0.6585365853658537,0.6666666666666667,0.675,0.6931818181818182,5,40,13.854561567306519s,105,"DecisionTreeClassifier(ccp_alpha=0.0, class_weight=None, criterion='entropy',
                       max_depth=5, max_features=None, max_leaf_nodes=None,
                       min_impurity_decrease=0.0, min_impurity_split=None,
                       min_samples_leaf=32, min_samples_split=98,
                       min_weight_fraction_leaf=0.0, presort='deprecated',
                       random_state=None, splitter='best')"
70,83,KNeighborsClassifier,0.7170694581280789,0.5803327078997247,0.8538062083564331,55.12139916419983s,0.4634146341463415,0.5507246376811594,0.6785714285714286,0.6477272727272727,5,60,55.12139916419983s,105,"KNeighborsClassifier(algorithm='ball_tree', leaf_size=30, metric='minkowski',
                     metric_params=None, n_jobs=None, n_neighbors=9, p=2,
                     weights='distance')"
71,41,KNeighborsClassifier,0.7166214371053081,0.5981767218555207,0.8350661523550955,42.93154859542847s,0.4634146341463415,0.5507246376811594,0.6785714285714286,0.6477272727272727,4,60,42.93154859542847s,105,"KNeighborsClassifier(algorithm='ball_tree', leaf_size=30, metric='minkowski',
                     metric_params=None, n_jobs=None, n_neighbors=9, p=2,
                     weights='distance')"
72,6,KNeighborsClassifier,0.7147416901348354,0.6116882477061801,0.8177951325634906,6.8604278564453125s,0.4634146341463415,0.5507246376811594,0.6785714285714286,0.6477272727272727,4,10,6.8604278564453125s,105,"KNeighborsClassifier(algorithm='ball_tree', leaf_size=30, metric='minkowski',
                     metric_params=None, n_jobs=None, n_neighbors=9, p=2,
                     weights='distance')"
73,13,KNeighborsClassifier,0.7130894243898276,0.5941562499448956,0.8320225988347596,13.767323732376099s,0.4634146341463415,0.5507246376811594,0.6785714285714286,0.6477272727272727,4,20,13.767323732376099s,105,"KNeighborsClassifier(algorithm='ball_tree', leaf_size=30, metric='minkowski',
                     metric_params=None, n_jobs=None, n_neighbors=9, p=2,
                     weights='distance')"
74,49,DecisionTreeClassifier,0.7117374384236451,0.5859547334327451,0.8375201434145452,7.191624879837036s,0.6585365853658537,0.6666666666666667,0.675,0.6931818181818182,5,20,7.191624879837036s,105,"DecisionTreeClassifier(ccp_alpha=0.0, class_weight=None, criterion='entropy',
                       max_depth=3, max_features=None, max_leaf_nodes=None,
                       min_impurity_decrease=0.0, min_impurity_split=None,
                       min_samples_leaf=34, min_samples_split=74,
                       min_weight_fraction_leaf=0.0, presort='deprecated',
                       random_state=None, splitter='best')"
75,56,DecisionTreeClassifier,0.7097122536945811,0.5778531944013646,0.8415713129877976,10.321982383728027s,0.6585365853658537,0.6666666666666667,0.675,0.6931818181818182,5,30,10.321982383728027s,105,"DecisionTreeClassifier(ccp_alpha=0.0, class_weight=None, criterion='entropy',
                       max_depth=5, max_features=None, max_leaf_nodes=None,
                       min_impurity_decrease=0.0, min_impurity_split=None,
                       min_samples_leaf=32, min_samples_split=98,
                       min_weight_fraction_leaf=0.0, presort='deprecated',
                       random_state=None, splitter='best')"
76,70,DecisionTreeClassifier,0.7078362684729064,0.5553863150170779,0.8602862219287348,17.67037034034729s,0.6585365853658537,0.6666666666666667,0.675,0.6931818181818182,5,50,17.67037034034729s,105,"DecisionTreeClassifier(ccp_alpha=0.0, class_weight=None, criterion='gini',
                       max_depth=5, max_features=None, max_leaf_nodes=None,
                       min_impurity_decrease=0.0, min_impurity_split=None,
                       min_samples_leaf=32, min_samples_split=103,
                       min_weight_fraction_leaf=0.0, presort='deprecated',
                       random_state=None, splitter='best')"
77,35,DecisionTreeClassifier,0.7072787058371736,0.5958197150380746,0.8187376966362725,16.742692232131958s,0.6585365853658537,0.6666666666666667,0.675,0.6931818181818182,4,60,16.742692232131958s,105,"DecisionTreeClassifier(ccp_alpha=0.0, class_weight=None, criterion='gini',
                       max_depth=5, max_features=None, max_leaf_nodes=None,
                       min_impurity_decrease=0.0, min_impurity_split=None,
                       min_samples_leaf=34, min_samples_split=43,
                       min_weight_fraction_leaf=0.0, presort='deprecated',
                       random_state=None, splitter='best')"
78,7,DecisionTreeClassifier,0.7044050285884964,0.5604654987185055,0.8483445584584873,5.515249490737915s,0.6585365853658537,0.6666666666666667,0.675,0.6931818181818182,4,20,5.515249490737915s,105,"DecisionTreeClassifier(ccp_alpha=0.0, class_weight=None, criterion='entropy',
                       max_depth=3, max_features=None, max_leaf_nodes=None,
                       min_impurity_decrease=0.0, min_impurity_split=None,
                       min_samples_leaf=34, min_samples_split=74,
                       min_weight_fraction_leaf=0.0, presort='deprecated',
                       random_state=None, splitter='best')"
79,21,DecisionTreeClassifier,0.7028512224782386,0.5686836429764477,0.8370188019800295,11.379695653915405s,0.6585365853658537,0.6666666666666667,0.675,0.6931818181818182,4,40,11.379695653915405s,105,"DecisionTreeClassifier(ccp_alpha=0.0, class_weight=None, criterion='gini',
                       max_depth=5, max_features=None, max_leaf_nodes=None,
                       min_impurity_decrease=0.0, min_impurity_split=None,
                       min_samples_leaf=32, min_samples_split=103,
                       min_weight_fraction_leaf=0.0, presort='deprecated',
                       random_state=None, splitter='best')"
80,42,DecisionTreeClassifier,0.6997352011494253,0.5622909159944947,0.837179486304356,3.3110477924346924s,0.7073170731707317,0.6666666666666667,0.6304347826086957,0.6704545454545454,5,10,3.3110477924346924s,105,"DecisionTreeClassifier(ccp_alpha=0.0, class_weight=None, criterion='entropy',
                       max_depth=4, max_features=None, max_leaf_nodes=None,
                       min_impurity_decrease=0.0, min_impurity_split=None,
                       min_samples_leaf=47, min_samples_split=75,
                       min_weight_fraction_leaf=0.0, presort='deprecated',
                       random_state=None, splitter='best')"
81,0,DecisionTreeClassifier,0.6911773553507424,0.5481289075876933,0.8342258031137916,2.7184996604919434s,0.7073170731707317,0.6666666666666667,0.6304347826086957,0.6704545454545454,4,10,2.7184996604919434s,105,"DecisionTreeClassifier(ccp_alpha=0.0, class_weight=None, criterion='entropy',
                       max_depth=3, max_features=None, max_leaf_nodes=None,
                       min_impurity_decrease=0.0, min_impurity_split=None,
                       min_samples_leaf=51, min_samples_split=126,
                       min_weight_fraction_leaf=0.0, presort='deprecated',
                       random_state=None, splitter='best')"
82,14,DecisionTreeClassifier,0.689820308499744,0.560324414888512,0.8193162021109759,8.45250415802002s,0.6585365853658537,0.6666666666666667,0.675,0.6931818181818182,4,30,8.45250415802002s,105,"DecisionTreeClassifier(ccp_alpha=0.0, class_weight=None, criterion='entropy',
                       max_depth=3, max_features=None, max_leaf_nodes=None,
                       min_impurity_decrease=0.0, min_impurity_split=None,
                       min_samples_leaf=34, min_samples_split=74,
                       min_weight_fraction_leaf=0.0, presort='deprecated',
                       random_state=None, splitter='best')"
83,28,DecisionTreeClassifier,0.686816009557945,0.5784687913640876,0.7951632277518024,14.051210165023804s,0.6585365853658537,0.6666666666666667,0.675,0.6931818181818182,4,50,14.051210165023804s,105,"DecisionTreeClassifier(ccp_alpha=0.0, class_weight=None, criterion='gini',
                       max_depth=5, max_features=None, max_leaf_nodes=None,
                       min_impurity_decrease=0.0, min_impurity_split=None,
                       min_samples_leaf=32, min_samples_split=103,
                       min_weight_fraction_leaf=0.0, presort='deprecated',
                       random_state=None, splitter='best')"
